hotspot_residue,hotspot_atom,contact_chain,contact_residue,contact_atom,distance_A,contact_type
ASN149,N,P,ARG145,O,3.201,protein_or_other
ASN149,N,P,LYS146,C,3.946,protein_or_other
ASN149,N,P,LEU147,N,3.999,protein_or_other
ASN149,N,P,LEU147,C,3.39,protein_or_other
ASN149,N,P,LEU147,O,3.903,protein_or_other
ASN149,N,P,PHE148,N,2.628,protein_or_other
ASN149,N,P,PHE148,CA,2.444,protein_or_other
ASN149,N,P,PHE148,C,1.36,protein_or_other
ASN149,N,P,PHE148,O,2.277,protein_or_other
ASN149,N,P,PHE148,CB,3.468,protein_or_other
ASN149,N,P,LEU150,N,2.784,protein_or_other
ASN149,CA,P,ARG145,O,3.22,protein_or_other
ASN149,CA,P,PHE148,CA,3.826,protein_or_other
ASN149,CA,P,PHE148,C,2.5,protein_or_other
ASN149,CA,P,PHE148,O,2.882,protein_or_other
ASN149,CA,P,LEU150,N,2.438,protein_or_other
ASN149,CA,P,LEU150,CA,3.804,protein_or_other
ASN149,C,P,ARG145,O,3.648,protein_or_other
ASN149,C,P,PHE148,C,3.068,protein_or_other
ASN149,C,P,PHE148,O,3.023,protein_or_other
ASN149,C,P,LEU150,N,1.356,protein_or_other
ASN149,C,P,LEU150,CA,2.462,protein_or_other
ASN149,C,P,LEU150,C,3.38,protein_or_other
ASN149,C,P,LEU150,CB,3.632,protein_or_other
ASN149,C,P,SER151,N,3.453,protein_or_other
ASN149,O,P,PHE148,C,3.914,protein_or_other
ASN149,O,P,PHE148,O,3.527,protein_or_other
ASN149,O,P,LEU150,N,2.269,protein_or_other
ASN149,O,P,LEU150,CA,2.816,protein_or_other
ASN149,O,P,LEU150,C,3.652,protein_or_other
ASN149,O,P,SER151,N,3.913,protein_or_other
ASN149,CB,P,PHE148,C,3.188,protein_or_other
ASN149,CB,P,PHE148,O,3.253,protein_or_other
ASN149,CB,P,LEU150,N,3.761,protein_or_other
ASN149,CG,P,LYS146,O,3.697,protein_or_other
ASN149,CG,P,PHE148,C,3.715,protein_or_other
ASN149,OD1,P,LYS146,O,3.202,protein_or_other
ASN149,ND2,P,LYS146,O,3.96,protein_or_other
ASN149,ND2,P,LEU147,O,3.665,protein_or_other
ASN149,ND2,P,PHE148,C,3.685,protein_or_other
ARG152,N,P,SER151,N,3.714,protein_or_other
ARG152,N,P,SER151,CA,2.451,protein_or_other
ARG152,N,P,SER151,C,1.355,protein_or_other
ARG152,N,P,SER151,O,2.258,protein_or_other
ARG152,N,P,SER151,CB,2.839,protein_or_other
ARG152,N,P,SER151,OG,3.27,protein_or_other
ARG152,CA,P,SER151,CA,3.826,protein_or_other
ARG152,CA,P,SER151,C,2.478,protein_or_other
ARG152,CA,P,SER151,O,2.825,protein_or_other
ARG152,C,P,SER151,C,3.158,protein_or_other
ARG152,C,P,SER151,O,3.227,protein_or_other
ARG152,C,P,ASP154,N,3.252,protein_or_other
ARG152,C,P,ASP154,OD2,3.962,protein_or_other
ARG152,O,P,SER151,C,3.271,protein_or_other
ARG152,O,P,SER151,O,3.479,protein_or_other
ARG152,O,P,SER151,OG,3.892,protein_or_other
ARG152,O,P,ASP154,N,3.536,protein_or_other
ARG152,O,P,ASP154,OD2,3.125,protein_or_other
ARG152,CB,P,SER151,C,3.771,protein_or_other
ARG152,CD,E,U145,O2,3.763,rRNA_or_nucleotide
ARG152,CZ,P,ASN142,OD1,3.387,protein_or_other
ARG152,CZ,E,U145,O3',3.781,rRNA_or_nucleotide
ARG152,NH1,P,ASN142,OD1,3.268,protein_or_other
ARG152,NH1,E,U145,O3',3.321,rRNA_or_nucleotide
ARG152,NH1,E,U145,C1',3.933,rRNA_or_nucleotide
ARG152,NH1,E,U146,OP1,3.703,rRNA_or_nucleotide
ARG152,NH2,P,ASN142,OD1,3.28,protein_or_other
ARG152,NH2,E,U145,O3',3.456,rRNA_or_nucleotide
ARG152,NH2,E,U146,OP1,3.448,rRNA_or_nucleotide
ARG152,NH2,E,U146,C5',3.99,rRNA_or_nucleotide
GLY153,N,P,ASP154,N,2.696,protein_or_other
GLY153,CA,P,ASP154,N,2.443,protein_or_other
GLY153,CA,P,ASP154,CA,3.793,protein_or_other
GLY153,C,P,ASP154,N,1.353,protein_or_other
GLY153,C,P,ASP154,CA,2.453,protein_or_other
GLY153,C,P,ASP154,C,3.553,protein_or_other
GLY153,C,P,ASP154,O,3.982,protein_or_other
GLY153,C,P,ASP154,CB,3.409,protein_or_other
GLY153,C,P,ASP154,CG,3.394,protein_or_other
GLY153,C,P,ASP154,OD1,3.843,protein_or_other
GLY153,C,P,ASP154,OD2,3.623,protein_or_other
GLY153,O,P,ASP154,N,2.265,protein_or_other
GLY153,O,P,ASP154,CA,2.811,protein_or_other
GLY153,O,P,ASP154,CB,3.747,protein_or_other
GLY153,O,P,ASP154,CG,3.458,protein_or_other
GLY153,O,P,ASP154,OD1,3.482,protein_or_other
GLY153,O,P,ASP154,OD2,3.886,protein_or_other
ILE161,N,P,TYR159,O,3.784,protein_or_other
ILE161,N,P,VAL160,N,3.583,protein_or_other
ILE161,N,P,VAL160,CA,2.435,protein_or_other
ILE161,N,P,VAL160,C,1.356,protein_or_other
ILE161,N,P,VAL160,O,2.271,protein_or_other
ILE161,N,P,VAL160,CB,3.201,protein_or_other
ILE161,CA,P,VAL160,CA,3.814,protein_or_other
ILE161,CA,P,VAL160,C,2.478,protein_or_other
ILE161,CA,P,VAL160,O,2.841,protein_or_other
ILE161,C,P,VAL160,C,3.042,protein_or_other
ILE161,C,P,VAL160,O,3.051,protein_or_other
ILE161,O,P,VAL160,C,3.35,protein_or_other
ILE161,O,P,VAL160,O,3.529,protein_or_other
ILE161,O,P,LYS175,O,3.82,protein_or_other
ILE161,O,P,ALA176,CA,3.464,protein_or_other
ILE161,O,P,ALA176,CB,3.291,protein_or_other
ILE161,O,P,PRO177,CD,3.487,protein_or_other
ILE161,CB,P,VAL160,C,3.771,protein_or_other
ILE161,CG2,P,PRO177,CD,3.851,protein_or_other
ILE161,CG2,E,U66,N3,3.944,rRNA_or_nucleotide
ILE161,CG2,E,U66,O4,3.555,rRNA_or_nucleotide
ILE161,CD1,E,U66,O4,3.778,rRNA_or_nucleotide
ARG162,N,P,VAL160,C,3.914,protein_or_other
ARG162,N,P,VAL160,O,3.517,protein_or_other
ARG162,C,P,LYS164,N,3.806,protein_or_other
ARG162,C,P,LYS175,O,3.986,protein_or_other
ARG162,O,P,LYS164,N,3.68,protein_or_other
ARG162,CB,E,U75,O2,3.428,rRNA_or_nucleotide
ARG162,CG,P,VAL160,O,3.736,protein_or_other
ARG162,CG,E,U75,O2,3.465,rRNA_or_nucleotide
ARG162,CD,P,VAL160,O,3.958,protein_or_other
ARG162,CD,P,ALA176,CB,3.829,protein_or_other
ARG162,CD,E,U75,O2,3.569,rRNA_or_nucleotide
ARG162,NE,P,VAL160,CG2,3.976,protein_or_other
ARG162,CZ,P,VAL160,CG2,3.758,protein_or_other
ARG162,CZ,E,U75,O3',3.653,rRNA_or_nucleotide
ARG162,NH1,P,VAL160,CG2,3.905,protein_or_other
ARG162,NH1,P,ALA176,CB,3.487,protein_or_other
ARG162,NH1,E,U75,O3',3.414,rRNA_or_nucleotide
ARG162,NH1,E,G76,P,3.694,rRNA_or_nucleotide
ARG162,NH1,E,G76,OP1,3.945,rRNA_or_nucleotide
ARG162,NH1,E,G76,OP2,3.27,rRNA_or_nucleotide
ARG162,NH2,P,ARG157,O,3.825,protein_or_other
ARG162,NH2,P,LYS158,CD,3.887,protein_or_other
ARG162,NH2,E,U75,O3',3.738,rRNA_or_nucleotide
ARG162,NH2,E,U75,O2',3.979,rRNA_or_nucleotide
ARG162,NH2,E,G76,OP1,3.49,rRNA_or_nucleotide
ARG163,N,P,LYS164,N,3.287,protein_or_other
ARG163,N,P,LYS175,O,3.0,protein_or_other
ARG163,CA,P,LYS164,N,2.422,protein_or_other
ARG163,CA,P,LYS164,CA,3.788,protein_or_other
ARG163,CA,P,LYS175,O,3.715,protein_or_other
ARG163,C,P,LYS164,N,1.353,protein_or_other
ARG163,C,P,LYS164,CA,2.459,protein_or_other
ARG163,C,P,LYS164,C,3.068,protein_or_other
ARG163,C,P,LYS164,O,3.438,protein_or_other
ARG163,C,P,LYS164,CB,3.756,protein_or_other
ARG163,C,P,VAL165,N,3.918,protein_or_other
ARG163,C,P,LYS175,N,3.966,protein_or_other
ARG163,C,P,LYS175,O,3.957,protein_or_other
ARG163,O,P,LYS164,N,2.267,protein_or_other
ARG163,O,P,LYS164,CA,2.814,protein_or_other
ARG163,O,P,LYS164,C,3.117,protein_or_other
ARG163,O,P,LYS164,O,3.696,protein_or_other
ARG163,O,P,VAL165,N,3.549,protein_or_other
ARG163,O,P,VAL165,CG1,3.921,protein_or_other
ARG163,O,P,PHE174,CA,3.868,protein_or_other
ARG163,O,P,PHE174,C,3.911,protein_or_other
ARG163,O,P,LYS175,N,2.974,protein_or_other
ARG163,O,P,LYS175,CA,3.714,protein_or_other
ARG163,O,P,LYS175,O,3.446,protein_or_other
ARG163,O,P,LYS175,CB,3.679,protein_or_other
ARG163,CB,P,LYS164,N,3.547,protein_or_other
ARG163,CB,P,LYS175,O,3.709,protein_or_other
ARG163,CG,P,LYS164,N,3.755,protein_or_other
ARG163,CD,E,U66,C5,3.768,rRNA_or_nucleotide
ARG163,CD,E,A68,C6,3.504,rRNA_or_nucleotide
ARG163,CD,E,A68,N6,3.56,rRNA_or_nucleotide
ARG163,CD,E,A68,N1,3.464,rRNA_or_nucleotide
ARG163,NE,P,ARG135,O,3.877,protein_or_other
ARG163,NE,E,U66,C4,3.761,rRNA_or_nucleotide
ARG163,NE,E,U66,O4,3.402,rRNA_or_nucleotide
ARG163,NE,E,U66,C5,3.384,rRNA_or_nucleotide
ARG163,NE,E,A68,C6,3.843,rRNA_or_nucleotide
ARG163,NE,E,A68,N6,3.474,rRNA_or_nucleotide
ARG163,NE,E,A68,N1,3.796,rRNA_or_nucleotide
ARG163,CZ,P,ARG135,O,3.889,protein_or_other
ARG163,CZ,E,A68,N6,3.594,rRNA_or_nucleotide
ARG163,NH1,E,A68,N6,3.743,rRNA_or_nucleotide
ARG163,NH2,P,ARG134,O,3.231,protein_or_other
ARG163,NH2,P,ARG135,C,3.986,protein_or_other
ARG163,NH2,P,ARG135,O,3.379,protein_or_other
ARG163,NH2,E,U66,O4,3.64,rRNA_or_nucleotide
