tc_resid,tc_resname,tc_aa,human_resid,human_resname,human_aa,match,CA_distance_after_alignment_A
1,MET,M,1,MET,M,True,2.3795795
2,LYS,K,2,LYS,K,True,2.33122
3,LEU,L,3,LEU,L,True,2.0253174
4,ASN,N,4,ASN,N,True,2.057131
5,ILE,I,5,ILE,I,True,2.0712485
8,PRO,P,8,PRO,P,True,1.2543948
12,THR,T,10,THR,T,True,4.232913
15,GLN,Q,13,GLN,Q,True,6.4344454
18,ILE,I,16,ILE,I,True,6.6207967
21,GLU,E,17,GLU,E,True,12.65251
22,VAL,V,18,VAL,V,True,8.477054
25,ARG,R,22,ARG,R,True,3.5585551
28,LEU,L,24,LEU,L,True,5.704886
29,THR,T,26,THR,T,True,7.5980024
31,TYR,Y,28,TYR,Y,True,4.6298885
32,ARG,R,31,ARG,R,True,2.0403483
36,GLU,E,35,GLU,E,True,1.0808071
37,VAL,V,36,VAL,V,True,1.0438935
40,ALA,A,37,ALA,A,True,5.732141
44,ASP,D,39,ASP,D,True,5.3905153
45,ALA,A,40,ALA,A,True,8.368531
53,LEU,L,41,LEU,L,True,13.47889
55,GLY,G,42,GLY,G,True,20.410498
56,GLY,G,47,GLY,G,True,21.623947
57,SER,S,53,SER,S,True,10.313029
58,ASP,D,57,ASP,D,True,2.6011539
59,LYS,K,58,LYS,K,True,2.7070177
60,GLN,Q,59,GLN,Q,True,2.6540406
61,GLY,G,60,GLY,G,True,2.1549752
62,PHE,F,61,PHE,F,True,2.066916
63,PRO,P,62,PRO,P,True,1.7215577
64,MET,M,63,MET,M,True,1.7887082
66,GLN,Q,65,GLN,Q,True,1.933584
67,GLY,G,66,GLY,G,True,1.7645813
68,VAL,V,67,VAL,V,True,1.8143517
73,ARG,R,72,ARG,R,True,2.3244445
74,VAL,V,73,VAL,V,True,2.3175838
76,LEU,L,75,LEU,L,True,2.3279116
77,LEU,L,76,LEU,L,True,2.4112895
79,LYS,K,79,LYS,K,True,4.7914386
90,GLY,G,80,GLY,G,True,11.60331
91,TYR,Y,84,TYR,Y,True,10.166909
93,GLY,G,90,GLY,G,True,2.3474996
94,GLU,E,91,GLU,E,True,2.1367793
96,ARG,R,92,ARG,R,True,6.0036716
97,ARG,R,94,ARG,R,True,2.3566005
98,LYS,K,95,LYS,K,True,2.3537393
99,SER,S,96,SER,S,True,2.311576
101,ARG,R,98,ARG,R,True,2.0443811
102,GLY,G,99,GLY,G,True,1.7393396
103,CYS,C,100,CYS,C,True,1.7168716
104,ILE,I,101,ILE,I,True,1.7149465
108,ASP,D,103,ASP,D,True,5.619159
110,ALA,A,104,ALA,A,True,7.9698405
111,VAL,V,108,VAL,V,True,1.9578732
112,LEU,L,109,LEU,L,True,1.7153419
113,ASN,N,110,ASN,N,True,1.5512462
115,VAL,V,112,VAL,V,True,1.426957
116,ILE,I,113,ILE,I,True,1.4849122
117,VAL,V,114,VAL,V,True,1.4412885
118,LYS,K,115,LYS,K,True,1.4060729
120,GLY,G,117,GLY,G,True,1.1968675
121,GLU,E,118,GLU,E,True,1.1982948
124,ILE,I,121,ILE,I,True,1.3267922
126,GLY,G,123,GLY,G,True,1.9752492
128,THR,T,125,THR,T,True,1.5403358
129,ASP,D,126,ASP,D,True,1.5482705
132,VAL,V,129,VAL,V,True,1.8716537
133,PRO,P,130,PRO,P,True,1.7241551
134,ARG,R,131,ARG,R,True,1.5285068
135,ARG,R,132,ARG,R,True,1.6744095
136,LEU,L,133,LEU,L,True,1.3381423
137,GLY,G,134,GLY,G,True,0.8712371
138,PRO,P,135,PRO,P,True,0.6599043
139,LYS,K,136,LYS,K,True,0.7958493
140,ARG,R,137,ARG,R,True,0.70039713
141,ALA,A,138,ALA,A,True,0.46698377
144,ILE,I,141,ILE,I,True,0.2491932
145,ARG,R,142,ARG,R,True,0.23983157
146,LYS,K,143,LYS,K,True,0.22260655
147,LEU,L,144,LEU,L,True,0.35989574
148,PHE,F,145,PHE,F,True,0.4542341
149,ASN,N,146,ASN,N,True,0.46925825
150,LEU,L,147,LEU,L,True,0.35445032
151,SER,S,148,SER,S,True,0.4436588
154,ASP,D,151,ASP,D,True,0.6359836
155,ASP,D,152,ASP,D,True,0.39901972
156,VAL,V,153,VAL,V,True,0.17761713
157,ARG,R,154,ARG,R,True,0.32295987
159,TYR,Y,156,TYR,Y,True,0.2718792
160,VAL,V,157,VAL,V,True,0.48293558
163,ARG,R,159,ARG,R,True,4.1299973
164,LYS,K,160,LYS,K,True,4.8688354
167,LYS,K,164,LYS,K,True,2.5205917
168,GLU,E,165,GLU,E,True,3.1025116
169,GLY,G,166,GLY,G,True,3.5852313
170,LYS,K,167,LYS,K,True,2.8137698
171,LYS,K,168,LYS,K,True,2.2600021
173,ARG,R,170,ARG,R,True,0.98819596
175,LYS,K,172,LYS,K,True,1.3939717
176,ALA,A,173,ALA,A,True,1.1499456
177,PRO,P,174,PRO,P,True,1.0004497
178,LYS,K,175,LYS,K,True,1.0108448
179,ILE,I,176,ILE,I,True,0.7440095
180,GLN,Q,177,GLN,Q,True,0.95308954
181,ARG,R,178,ARG,R,True,0.93777597
182,LEU,L,179,LEU,L,True,0.724897
185,THR,T,181,THR,T,True,3.3286476
187,VAL,V,184,VAL,V,True,1.1705892
188,LYS,K,188,LYS,K,True,5.196919
190,ARG,R,189,ARG,R,True,6.588581
191,ARG,R,190,ARG,R,True,6.200678
192,ALA,A,193,ALA,A,True,6.9344373
193,LYS,K,195,LYS,K,True,8.963851
194,LYS,K,196,LYS,K,True,10.149375
196,LYS,K,200,LYS,K,True,10.965945
201,LYS,K,201,LYS,K,True,6.3942885
204,LYS,K,203,LYS,K,True,6.842461
207,GLU,E,204,GLU,E,True,2.2023923
208,GLU,E,205,GLU,E,True,2.3456485
211,ALA,A,206,ALA,A,True,5.576432
212,TYR,Y,209,TYR,Y,True,2.5110822
213,LEU,L,212,LEU,L,True,4.908681
215,LEU,L,213,LEU,L,True,5.0217605
229,ALA,A,214,ALA,A,True,17.628601
231,ARG,R,216,ARG,R,True,17.5252
235,LYS,K,218,LYS,K,True,19.580477
238,ALA,A,220,ALA,A,True,22.005335
240,LYS,K,221,LYS,K,True,22.083755
241,GLN,Q,225,GLN,Q,True,18.401394
242,ALA,A,229,ALA,A,True,13.648393
243,LEU,L,234,LEU,L,True,11.23187
245,LEU,L,237,LEU,L,True,7.5371623
249,LYS,K,243,LYS,K,True,5.9808526
250,LYS,K,249,LYS,K,True,13.538851
