ligand,pocket,best_score_kcal_mol,log_file
fda_1000,Human_pocket12,,09_TC_POCKET2_COUNTERDOCKING/04_DOCKING/FDA_ALL_TcPocket2_11_vs_Human/fda_1000__Human_pocket12_log.txt
fda_1000,Human_pocket5,,09_TC_POCKET2_COUNTERDOCKING/04_DOCKING/FDA_ALL_TcPocket2_11_vs_Human/fda_1000__Human_pocket5_log.txt
fda_1000,Human_pocket9,,09_TC_POCKET2_COUNTERDOCKING/04_DOCKING/FDA_ALL_TcPocket2_11_vs_Human/fda_1000__Human_pocket9_log.txt
fda_1000,TcS6_pocket11,,09_TC_POCKET2_COUNTERDOCKING/04_DOCKING/FDA_ALL_TcPocket2_11_vs_Human/fda_1000__TcS6_pocket11_log.txt
fda_1000,TcS6_pocket2,,09_TC_POCKET2_COUNTERDOCKING/04_DOCKING/FDA_ALL_TcPocket2_11_vs_Human/fda_1000__TcS6_pocket2_log.txt
fda_1001,Human_pocket12,-4.915,09_TC_POCKET2_COUNTERDOCKING/04_DOCKING/FDA_ALL_TcPocket2_11_vs_Human/fda_1001__Human_pocket12_log.txt
fda_1001,Human_pocket5,-5.366,09_TC_POCKET2_COUNTERDOCKING/04_DOCKING/FDA_ALL_TcPocket2_11_vs_Human/fda_1001__Human_pocket5_log.txt
fda_1001,Human_pocket9,-4.698,09_TC_POCKET2_COUNTERDOCKING/04_DOCKING/FDA_ALL_TcPocket2_11_vs_Human/fda_1001__Human_pocket9_log.txt
fda_1001,TcS6_pocket11,-4.977,09_TC_POCKET2_COUNTERDOCKING/04_DOCKING/FDA_ALL_TcPocket2_11_vs_Human/fda_1001__TcS6_pocket11_log.txt
fda_1001,TcS6_pocket2,-4.881,09_TC_POCKET2_COUNTERDOCKING/04_DOCKING/FDA_ALL_TcPocket2_11_vs_Human/fda_1001__TcS6_pocket2_log.txt
fda_1002,Human_pocket12,-4.362,09_TC_POCKET2_COUNTERDOCKING/04_DOCKING/FDA_ALL_TcPocket2_11_vs_Human/fda_1002__Human_pocket12_log.txt
fda_1002,Human_pocket5,-5.928,09_TC_POCKET2_COUNTERDOCKING/04_DOCKING/FDA_ALL_TcPocket2_11_vs_Human/fda_1002__Human_pocket5_log.txt
fda_1002,Human_pocket9,-5.401,09_TC_POCKET2_COUNTERDOCKING/04_DOCKING/FDA_ALL_TcPocket2_11_vs_Human/fda_1002__Human_pocket9_log.txt
fda_1002,TcS6_pocket11,-4.79,09_TC_POCKET2_COUNTERDOCKING/04_DOCKING/FDA_ALL_TcPocket2_11_vs_Human/fda_1002__TcS6_pocket11_log.txt
fda_1002,TcS6_pocket2,-4.957,09_TC_POCKET2_COUNTERDOCKING/04_DOCKING/FDA_ALL_TcPocket2_11_vs_Human/fda_1002__TcS6_pocket2_log.txt
fda_1003,Human_pocket12,,09_TC_POCKET2_COUNTERDOCKING/04_DOCKING/FDA_ALL_TcPocket2_11_vs_Human/fda_1003__Human_pocket12_log.txt
fda_1003,Human_pocket5,,09_TC_POCKET2_COUNTERDOCKING/04_DOCKING/FDA_ALL_TcPocket2_11_vs_Human/fda_1003__Human_pocket5_log.txt
fda_1003,Human_pocket9,,09_TC_POCKET2_COUNTERDOCKING/04_DOCKING/FDA_ALL_TcPocket2_11_vs_Human/fda_1003__Human_pocket9_log.txt
fda_1003,TcS6_pocket11,,09_TC_POCKET2_COUNTERDOCKING/04_DOCKING/FDA_ALL_TcPocket2_11_vs_Human/fda_1003__TcS6_pocket11_log.txt
fda_1003,TcS6_pocket2,,09_TC_POCKET2_COUNTERDOCKING/04_DOCKING/FDA_ALL_TcPocket2_11_vs_Human/fda_1003__TcS6_pocket2_log.txt
fda_1004,Human_pocket12,-4.409,09_TC_POCKET2_COUNTERDOCKING/04_DOCKING/FDA_ALL_TcPocket2_11_vs_Human/fda_1004__Human_pocket12_log.txt
fda_1004,Human_pocket5,-4.954,09_TC_POCKET2_COUNTERDOCKING/04_DOCKING/FDA_ALL_TcPocket2_11_vs_Human/fda_1004__Human_pocket5_log.txt
fda_1004,Human_pocket9,-4.406,09_TC_POCKET2_COUNTERDOCKING/04_DOCKING/FDA_ALL_TcPocket2_11_vs_Human/fda_1004__Human_pocket9_log.txt
fda_1004,TcS6_pocket11,-3.788,09_TC_POCKET2_COUNTERDOCKING/04_DOCKING/FDA_ALL_TcPocket2_11_vs_Human/fda_1004__TcS6_pocket11_log.txt
fda_1004,TcS6_pocket2,-3.872,09_TC_POCKET2_COUNTERDOCKING/04_DOCKING/FDA_ALL_TcPocket2_11_vs_Human/fda_1004__TcS6_pocket2_log.txt
fda_1005,Human_pocket12,-4.265,09_TC_POCKET2_COUNTERDOCKING/04_DOCKING/FDA_ALL_TcPocket2_11_vs_Human/fda_1005__Human_pocket12_log.txt
fda_1005,Human_pocket5,-4.722,09_TC_POCKET2_COUNTERDOCKING/04_DOCKING/FDA_ALL_TcPocket2_11_vs_Human/fda_1005__Human_pocket5_log.txt
fda_1005,Human_pocket9,-3.836,09_TC_POCKET2_COUNTERDOCKING/04_DOCKING/FDA_ALL_TcPocket2_11_vs_Human/fda_1005__Human_pocket9_log.txt
fda_1005,TcS6_pocket11,-4.019,09_TC_POCKET2_COUNTERDOCKING/04_DOCKING/FDA_ALL_TcPocket2_11_vs_Human/fda_1005__TcS6_pocket11_log.txt
fda_1005,TcS6_pocket2,-4.073,09_TC_POCKET2_COUNTERDOCKING/04_DOCKING/FDA_ALL_TcPocket2_11_vs_Human/fda_1005__TcS6_pocket2_log.txt
fda_1006,Human_pocket12,-3.427,09_TC_POCKET2_COUNTERDOCKING/04_DOCKING/FDA_ALL_TcPocket2_11_vs_Human/fda_1006__Human_pocket12_log.txt
fda_1006,Human_pocket5,-4.568,09_TC_POCKET2_COUNTERDOCKING/04_DOCKING/FDA_ALL_TcPocket2_11_vs_Human/fda_1006__Human_pocket5_log.txt
fda_1006,Human_pocket9,-4.123,09_TC_POCKET2_COUNTERDOCKING/04_DOCKING/FDA_ALL_TcPocket2_11_vs_Human/fda_1006__Human_pocket9_log.txt
fda_1006,TcS6_pocket11,-4.685,09_TC_POCKET2_COUNTERDOCKING/04_DOCKING/FDA_ALL_TcPocket2_11_vs_Human/fda_1006__TcS6_pocket11_log.txt
fda_1006,TcS6_pocket2,-3.748,09_TC_POCKET2_COUNTERDOCKING/04_DOCKING/FDA_ALL_TcPocket2_11_vs_Human/fda_1006__TcS6_pocket2_log.txt
fda_1007,Human_pocket12,-4.338,09_TC_POCKET2_COUNTERDOCKING/04_DOCKING/FDA_ALL_TcPocket2_11_vs_Human/fda_1007__Human_pocket12_log.txt
fda_1007,Human_pocket5,-4.934,09_TC_POCKET2_COUNTERDOCKING/04_DOCKING/FDA_ALL_TcPocket2_11_vs_Human/fda_1007__Human_pocket5_log.txt
fda_1007,Human_pocket9,-4.384,09_TC_POCKET2_COUNTERDOCKING/04_DOCKING/FDA_ALL_TcPocket2_11_vs_Human/fda_1007__Human_pocket9_log.txt
fda_1007,TcS6_pocket11,-4.263,09_TC_POCKET2_COUNTERDOCKING/04_DOCKING/FDA_ALL_TcPocket2_11_vs_Human/fda_1007__TcS6_pocket11_log.txt
fda_1007,TcS6_pocket2,-4.348,09_TC_POCKET2_COUNTERDOCKING/04_DOCKING/FDA_ALL_TcPocket2_11_vs_Human/fda_1007__TcS6_pocket2_log.txt
fda_1008,Human_pocket12,-3.504,09_TC_POCKET2_COUNTERDOCKING/04_DOCKING/FDA_ALL_TcPocket2_11_vs_Human/fda_1008__Human_pocket12_log.txt
fda_1008,Human_pocket5,-5.143,09_TC_POCKET2_COUNTERDOCKING/04_DOCKING/FDA_ALL_TcPocket2_11_vs_Human/fda_1008__Human_pocket5_log.txt
fda_1008,Human_pocket9,-3.576,09_TC_POCKET2_COUNTERDOCKING/04_DOCKING/FDA_ALL_TcPocket2_11_vs_Human/fda_1008__Human_pocket9_log.txt
fda_1008,TcS6_pocket11,-4.206,09_TC_POCKET2_COUNTERDOCKING/04_DOCKING/FDA_ALL_TcPocket2_11_vs_Human/fda_1008__TcS6_pocket11_log.txt
fda_1008,TcS6_pocket2,-3.88,09_TC_POCKET2_COUNTERDOCKING/04_DOCKING/FDA_ALL_TcPocket2_11_vs_Human/fda_1008__TcS6_pocket2_log.txt
fda_1010,Human_pocket12,-5.607,09_TC_POCKET2_COUNTERDOCKING/04_DOCKING/FDA_ALL_TcPocket2_11_vs_Human/fda_1010__Human_pocket12_log.txt
fda_1010,Human_pocket5,-7.787,09_TC_POCKET2_COUNTERDOCKING/04_DOCKING/FDA_ALL_TcPocket2_11_vs_Human/fda_1010__Human_pocket5_log.txt
fda_1010,Human_pocket9,-3.916,09_TC_POCKET2_COUNTERDOCKING/04_DOCKING/FDA_ALL_TcPocket2_11_vs_Human/fda_1010__Human_pocket9_log.txt
fda_1010,TcS6_pocket11,-6.435,09_TC_POCKET2_COUNTERDOCKING/04_DOCKING/FDA_ALL_TcPocket2_11_vs_Human/fda_1010__TcS6_pocket11_log.txt
fda_1010,TcS6_pocket2,-5.637,09_TC_POCKET2_COUNTERDOCKING/04_DOCKING/FDA_ALL_TcPocket2_11_vs_Human/fda_1010__TcS6_pocket2_log.txt
fda_1011,Human_pocket12,-2.554,09_TC_POCKET2_COUNTERDOCKING/04_DOCKING/FDA_ALL_TcPocket2_11_vs_Human/fda_1011__Human_pocket12_log.txt
fda_1011,Human_pocket5,-5.562,09_TC_POCKET2_COUNTERDOCKING/04_DOCKING/FDA_ALL_TcPocket2_11_vs_Human/fda_1011__Human_pocket5_log.txt
fda_1011,Human_pocket9,-3.625,09_TC_POCKET2_COUNTERDOCKING/04_DOCKING/FDA_ALL_TcPocket2_11_vs_Human/fda_1011__Human_pocket9_log.txt
fda_1011,TcS6_pocket11,-3.929,09_TC_POCKET2_COUNTERDOCKING/04_DOCKING/FDA_ALL_TcPocket2_11_vs_Human/fda_1011__TcS6_pocket11_log.txt
fda_1011,TcS6_pocket2,-3.933,09_TC_POCKET2_COUNTERDOCKING/04_DOCKING/FDA_ALL_TcPocket2_11_vs_Human/fda_1011__TcS6_pocket2_log.txt
fda_1012,Human_pocket12,-2.783,09_TC_POCKET2_COUNTERDOCKING/04_DOCKING/FDA_ALL_TcPocket2_11_vs_Human/fda_1012__Human_pocket12_log.txt
fda_1012,Human_pocket5,-6.104,09_TC_POCKET2_COUNTERDOCKING/04_DOCKING/FDA_ALL_TcPocket2_11_vs_Human/fda_1012__Human_pocket5_log.txt
fda_1012,Human_pocket9,-4.135,09_TC_POCKET2_COUNTERDOCKING/04_DOCKING/FDA_ALL_TcPocket2_11_vs_Human/fda_1012__Human_pocket9_log.txt
fda_1012,TcS6_pocket11,-4.227,09_TC_POCKET2_COUNTERDOCKING/04_DOCKING/FDA_ALL_TcPocket2_11_vs_Human/fda_1012__TcS6_pocket11_log.txt
fda_1012,TcS6_pocket2,-4.337,09_TC_POCKET2_COUNTERDOCKING/04_DOCKING/FDA_ALL_TcPocket2_11_vs_Human/fda_1012__TcS6_pocket2_log.txt
fda_1013,Human_pocket12,-4.547,09_TC_POCKET2_COUNTERDOCKING/04_DOCKING/FDA_ALL_TcPocket2_11_vs_Human/fda_1013__Human_pocket12_log.txt
fda_1013,Human_pocket5,-5.883,09_TC_POCKET2_COUNTERDOCKING/04_DOCKING/FDA_ALL_TcPocket2_11_vs_Human/fda_1013__Human_pocket5_log.txt
fda_1013,Human_pocket9,-5.149,09_TC_POCKET2_COUNTERDOCKING/04_DOCKING/FDA_ALL_TcPocket2_11_vs_Human/fda_1013__Human_pocket9_log.txt
fda_1013,TcS6_pocket11,-4.605,09_TC_POCKET2_COUNTERDOCKING/04_DOCKING/FDA_ALL_TcPocket2_11_vs_Human/fda_1013__TcS6_pocket11_log.txt
fda_1013,TcS6_pocket2,-5.248,09_TC_POCKET2_COUNTERDOCKING/04_DOCKING/FDA_ALL_TcPocket2_11_vs_Human/fda_1013__TcS6_pocket2_log.txt
fda_1014,Human_pocket12,-4.417,09_TC_POCKET2_COUNTERDOCKING/04_DOCKING/FDA_ALL_TcPocket2_11_vs_Human/fda_1014__Human_pocket12_log.txt
fda_1014,Human_pocket5,-6.228,09_TC_POCKET2_COUNTERDOCKING/04_DOCKING/FDA_ALL_TcPocket2_11_vs_Human/fda_1014__Human_pocket5_log.txt
fda_1014,Human_pocket9,-4.391,09_TC_POCKET2_COUNTERDOCKING/04_DOCKING/FDA_ALL_TcPocket2_11_vs_Human/fda_1014__Human_pocket9_log.txt
fda_1014,TcS6_pocket11,-4.635,09_TC_POCKET2_COUNTERDOCKING/04_DOCKING/FDA_ALL_TcPocket2_11_vs_Human/fda_1014__TcS6_pocket11_log.txt
fda_1014,TcS6_pocket2,-4.879,09_TC_POCKET2_COUNTERDOCKING/04_DOCKING/FDA_ALL_TcPocket2_11_vs_Human/fda_1014__TcS6_pocket2_log.txt
fda_1015,Human_pocket12,-4.856,09_TC_POCKET2_COUNTERDOCKING/04_DOCKING/FDA_ALL_TcPocket2_11_vs_Human/fda_1015__Human_pocket12_log.txt
fda_1015,Human_pocket5,-5.083,09_TC_POCKET2_COUNTERDOCKING/04_DOCKING/FDA_ALL_TcPocket2_11_vs_Human/fda_1015__Human_pocket5_log.txt
fda_1015,Human_pocket9,-4.824,09_TC_POCKET2_COUNTERDOCKING/04_DOCKING/FDA_ALL_TcPocket2_11_vs_Human/fda_1015__Human_pocket9_log.txt
fda_1015,TcS6_pocket11,-5.121,09_TC_POCKET2_COUNTERDOCKING/04_DOCKING/FDA_ALL_TcPocket2_11_vs_Human/fda_1015__TcS6_pocket11_log.txt
fda_1015,TcS6_pocket2,-4.095,09_TC_POCKET2_COUNTERDOCKING/04_DOCKING/FDA_ALL_TcPocket2_11_vs_Human/fda_1015__TcS6_pocket2_log.txt
fda_1016,Human_pocket12,,09_TC_POCKET2_COUNTERDOCKING/04_DOCKING/FDA_ALL_TcPocket2_11_vs_Human/fda_1016__Human_pocket12_log.txt
fda_1016,Human_pocket5,,09_TC_POCKET2_COUNTERDOCKING/04_DOCKING/FDA_ALL_TcPocket2_11_vs_Human/fda_1016__Human_pocket5_log.txt
fda_1016,Human_pocket9,,09_TC_POCKET2_COUNTERDOCKING/04_DOCKING/FDA_ALL_TcPocket2_11_vs_Human/fda_1016__Human_pocket9_log.txt
fda_1016,TcS6_pocket11,,09_TC_POCKET2_COUNTERDOCKING/04_DOCKING/FDA_ALL_TcPocket2_11_vs_Human/fda_1016__TcS6_pocket11_log.txt
fda_1016,TcS6_pocket2,,09_TC_POCKET2_COUNTERDOCKING/04_DOCKING/FDA_ALL_TcPocket2_11_vs_Human/fda_1016__TcS6_pocket2_log.txt
fda_1017,Human_pocket12,,09_TC_POCKET2_COUNTERDOCKING/04_DOCKING/FDA_ALL_TcPocket2_11_vs_Human/fda_1017__Human_pocket12_log.txt
fda_1017,Human_pocket5,,09_TC_POCKET2_COUNTERDOCKING/04_DOCKING/FDA_ALL_TcPocket2_11_vs_Human/fda_1017__Human_pocket5_log.txt
fda_1017,Human_pocket9,,09_TC_POCKET2_COUNTERDOCKING/04_DOCKING/FDA_ALL_TcPocket2_11_vs_Human/fda_1017__Human_pocket9_log.txt
fda_1017,TcS6_pocket11,,09_TC_POCKET2_COUNTERDOCKING/04_DOCKING/FDA_ALL_TcPocket2_11_vs_Human/fda_1017__TcS6_pocket11_log.txt
fda_1017,TcS6_pocket2,,09_TC_POCKET2_COUNTERDOCKING/04_DOCKING/FDA_ALL_TcPocket2_11_vs_Human/fda_1017__TcS6_pocket2_log.txt
fda_1018,Human_pocket12,,09_TC_POCKET2_COUNTERDOCKING/04_DOCKING/FDA_ALL_TcPocket2_11_vs_Human/fda_1018__Human_pocket12_log.txt
fda_1018,Human_pocket5,,09_TC_POCKET2_COUNTERDOCKING/04_DOCKING/FDA_ALL_TcPocket2_11_vs_Human/fda_1018__Human_pocket5_log.txt
fda_1018,Human_pocket9,,09_TC_POCKET2_COUNTERDOCKING/04_DOCKING/FDA_ALL_TcPocket2_11_vs_Human/fda_1018__Human_pocket9_log.txt
fda_1018,TcS6_pocket11,,09_TC_POCKET2_COUNTERDOCKING/04_DOCKING/FDA_ALL_TcPocket2_11_vs_Human/fda_1018__TcS6_pocket11_log.txt
fda_1018,TcS6_pocket2,,09_TC_POCKET2_COUNTERDOCKING/04_DOCKING/FDA_ALL_TcPocket2_11_vs_Human/fda_1018__TcS6_pocket2_log.txt
fda_1019,Human_pocket12,-4.139,09_TC_POCKET2_COUNTERDOCKING/04_DOCKING/FDA_ALL_TcPocket2_11_vs_Human/fda_1019__Human_pocket12_log.txt
fda_1019,Human_pocket5,-6.059,09_TC_POCKET2_COUNTERDOCKING/04_DOCKING/FDA_ALL_TcPocket2_11_vs_Human/fda_1019__Human_pocket5_log.txt
fda_1019,Human_pocket9,-4.692,09_TC_POCKET2_COUNTERDOCKING/04_DOCKING/FDA_ALL_TcPocket2_11_vs_Human/fda_1019__Human_pocket9_log.txt
fda_1019,TcS6_pocket11,-4.474,09_TC_POCKET2_COUNTERDOCKING/04_DOCKING/FDA_ALL_TcPocket2_11_vs_Human/fda_1019__TcS6_pocket11_log.txt
fda_1019,TcS6_pocket2,-5.44,09_TC_POCKET2_COUNTERDOCKING/04_DOCKING/FDA_ALL_TcPocket2_11_vs_Human/fda_1019__TcS6_pocket2_log.txt
fda_101,Human_pocket12,,09_TC_POCKET2_COUNTERDOCKING/04_DOCKING/FDA_ALL_TcPocket2_11_vs_Human/fda_101__Human_pocket12_log.txt
fda_101,Human_pocket5,,09_TC_POCKET2_COUNTERDOCKING/04_DOCKING/FDA_ALL_TcPocket2_11_vs_Human/fda_101__Human_pocket5_log.txt
fda_101,Human_pocket9,,09_TC_POCKET2_COUNTERDOCKING/04_DOCKING/FDA_ALL_TcPocket2_11_vs_Human/fda_101__Human_pocket9_log.txt
fda_101,TcS6_pocket11,,09_TC_POCKET2_COUNTERDOCKING/04_DOCKING/FDA_ALL_TcPocket2_11_vs_Human/fda_101__TcS6_pocket11_log.txt
fda_101,TcS6_pocket2,,09_TC_POCKET2_COUNTERDOCKING/04_DOCKING/FDA_ALL_TcPocket2_11_vs_Human/fda_101__TcS6_pocket2_log.txt
fda_1020,Human_pocket12,-5.052,09_TC_POCKET2_COUNTERDOCKING/04_DOCKING/FDA_ALL_TcPocket2_11_vs_Human/fda_1020__Human_pocket12_log.txt
fda_1020,Human_pocket5,-6.061,09_TC_POCKET2_COUNTERDOCKING/04_DOCKING/FDA_ALL_TcPocket2_11_vs_Human/fda_1020__Human_pocket5_log.txt
fda_1020,Human_pocket9,-5.422,09_TC_POCKET2_COUNTERDOCKING/04_DOCKING/FDA_ALL_TcPocket2_11_vs_Human/fda_1020__Human_pocket9_log.txt
fda_1020,TcS6_pocket11,-4.117,09_TC_POCKET2_COUNTERDOCKING/04_DOCKING/FDA_ALL_TcPocket2_11_vs_Human/fda_1020__TcS6_pocket11_log.txt
fda_1020,TcS6_pocket2,-3.662,09_TC_POCKET2_COUNTERDOCKING/04_DOCKING/FDA_ALL_TcPocket2_11_vs_Human/fda_1020__TcS6_pocket2_log.txt
fda_1021,Human_pocket12,-4.702,09_TC_POCKET2_COUNTERDOCKING/04_DOCKING/FDA_ALL_TcPocket2_11_vs_Human/fda_1021__Human_pocket12_log.txt
fda_1021,Human_pocket5,-4.951,09_TC_POCKET2_COUNTERDOCKING/04_DOCKING/FDA_ALL_TcPocket2_11_vs_Human/fda_1021__Human_pocket5_log.txt
fda_1021,Human_pocket9,-4.682,09_TC_POCKET2_COUNTERDOCKING/04_DOCKING/FDA_ALL_TcPocket2_11_vs_Human/fda_1021__Human_pocket9_log.txt
fda_1021,TcS6_pocket11,-5.305,09_TC_POCKET2_COUNTERDOCKING/04_DOCKING/FDA_ALL_TcPocket2_11_vs_Human/fda_1021__TcS6_pocket11_log.txt
fda_1021,TcS6_pocket2,-4.551,09_TC_POCKET2_COUNTERDOCKING/04_DOCKING/FDA_ALL_TcPocket2_11_vs_Human/fda_1021__TcS6_pocket2_log.txt
fda_1022,Human_pocket12,,09_TC_POCKET2_COUNTERDOCKING/04_DOCKING/FDA_ALL_TcPocket2_11_vs_Human/fda_1022__Human_pocket12_log.txt
fda_1022,Human_pocket5,,09_TC_POCKET2_COUNTERDOCKING/04_DOCKING/FDA_ALL_TcPocket2_11_vs_Human/fda_1022__Human_pocket5_log.txt
fda_1022,Human_pocket9,,09_TC_POCKET2_COUNTERDOCKING/04_DOCKING/FDA_ALL_TcPocket2_11_vs_Human/fda_1022__Human_pocket9_log.txt
fda_1022,TcS6_pocket11,,09_TC_POCKET2_COUNTERDOCKING/04_DOCKING/FDA_ALL_TcPocket2_11_vs_Human/fda_1022__TcS6_pocket11_log.txt
fda_1022,TcS6_pocket2,,09_TC_POCKET2_COUNTERDOCKING/04_DOCKING/FDA_ALL_TcPocket2_11_vs_Human/fda_1022__TcS6_pocket2_log.txt
fda_1023,Human_pocket12,-4.157,09_TC_POCKET2_COUNTERDOCKING/04_DOCKING/FDA_ALL_TcPocket2_11_vs_Human/fda_1023__Human_pocket12_log.txt
fda_1023,Human_pocket5,-5.571,09_TC_POCKET2_COUNTERDOCKING/04_DOCKING/FDA_ALL_TcPocket2_11_vs_Human/fda_1023__Human_pocket5_log.txt
fda_1023,Human_pocket9,-4.309,09_TC_POCKET2_COUNTERDOCKING/04_DOCKING/FDA_ALL_TcPocket2_11_vs_Human/fda_1023__Human_pocket9_log.txt
fda_1023,TcS6_pocket11,-4.25,09_TC_POCKET2_COUNTERDOCKING/04_DOCKING/FDA_ALL_TcPocket2_11_vs_Human/fda_1023__TcS6_pocket11_log.txt
fda_1023,TcS6_pocket2,-4.141,09_TC_POCKET2_COUNTERDOCKING/04_DOCKING/FDA_ALL_TcPocket2_11_vs_Human/fda_1023__TcS6_pocket2_log.txt
fda_1024,Human_pocket12,-4.916,09_TC_POCKET2_COUNTERDOCKING/04_DOCKING/FDA_ALL_TcPocket2_11_vs_Human/fda_1024__Human_pocket12_log.txt
fda_1024,Human_pocket5,-5.967,09_TC_POCKET2_COUNTERDOCKING/04_DOCKING/FDA_ALL_TcPocket2_11_vs_Human/fda_1024__Human_pocket5_log.txt
fda_1024,Human_pocket9,-5.201,09_TC_POCKET2_COUNTERDOCKING/04_DOCKING/FDA_ALL_TcPocket2_11_vs_Human/fda_1024__Human_pocket9_log.txt
fda_1024,TcS6_pocket11,-5.197,09_TC_POCKET2_COUNTERDOCKING/04_DOCKING/FDA_ALL_TcPocket2_11_vs_Human/fda_1024__TcS6_pocket11_log.txt
fda_1024,TcS6_pocket2,-5.238,09_TC_POCKET2_COUNTERDOCKING/04_DOCKING/FDA_ALL_TcPocket2_11_vs_Human/fda_1024__TcS6_pocket2_log.txt
fda_1025,Human_pocket12,-3.842,09_TC_POCKET2_COUNTERDOCKING/04_DOCKING/FDA_ALL_TcPocket2_11_vs_Human/fda_1025__Human_pocket12_log.txt
fda_1025,Human_pocket5,-5.05,09_TC_POCKET2_COUNTERDOCKING/04_DOCKING/FDA_ALL_TcPocket2_11_vs_Human/fda_1025__Human_pocket5_log.txt
fda_1025,Human_pocket9,-3.75,09_TC_POCKET2_COUNTERDOCKING/04_DOCKING/FDA_ALL_TcPocket2_11_vs_Human/fda_1025__Human_pocket9_log.txt
fda_1025,TcS6_pocket11,-3.863,09_TC_POCKET2_COUNTERDOCKING/04_DOCKING/FDA_ALL_TcPocket2_11_vs_Human/fda_1025__TcS6_pocket11_log.txt
fda_1025,TcS6_pocket2,-3.889,09_TC_POCKET2_COUNTERDOCKING/04_DOCKING/FDA_ALL_TcPocket2_11_vs_Human/fda_1025__TcS6_pocket2_log.txt
fda_1026,Human_pocket12,-4.546,09_TC_POCKET2_COUNTERDOCKING/04_DOCKING/FDA_ALL_TcPocket2_11_vs_Human/fda_1026__Human_pocket12_log.txt
fda_1026,Human_pocket5,-5.933,09_TC_POCKET2_COUNTERDOCKING/04_DOCKING/FDA_ALL_TcPocket2_11_vs_Human/fda_1026__Human_pocket5_log.txt
fda_1026,Human_pocket9,-5.103,09_TC_POCKET2_COUNTERDOCKING/04_DOCKING/FDA_ALL_TcPocket2_11_vs_Human/fda_1026__Human_pocket9_log.txt
fda_1026,TcS6_pocket11,-4.841,09_TC_POCKET2_COUNTERDOCKING/04_DOCKING/FDA_ALL_TcPocket2_11_vs_Human/fda_1026__TcS6_pocket11_log.txt
fda_1026,TcS6_pocket2,-4.659,09_TC_POCKET2_COUNTERDOCKING/04_DOCKING/FDA_ALL_TcPocket2_11_vs_Human/fda_1026__TcS6_pocket2_log.txt
fda_1027,Human_pocket12,-5.579,09_TC_POCKET2_COUNTERDOCKING/04_DOCKING/FDA_ALL_TcPocket2_11_vs_Human/fda_1027__Human_pocket12_log.txt
fda_1027,Human_pocket5,-7.066,09_TC_POCKET2_COUNTERDOCKING/04_DOCKING/FDA_ALL_TcPocket2_11_vs_Human/fda_1027__Human_pocket5_log.txt
fda_1027,Human_pocket9,-5.621,09_TC_POCKET2_COUNTERDOCKING/04_DOCKING/FDA_ALL_TcPocket2_11_vs_Human/fda_1027__Human_pocket9_log.txt
fda_1027,TcS6_pocket11,-5.552,09_TC_POCKET2_COUNTERDOCKING/04_DOCKING/FDA_ALL_TcPocket2_11_vs_Human/fda_1027__TcS6_pocket11_log.txt
fda_1027,TcS6_pocket2,-5.381,09_TC_POCKET2_COUNTERDOCKING/04_DOCKING/FDA_ALL_TcPocket2_11_vs_Human/fda_1027__TcS6_pocket2_log.txt
fda_1028,Human_pocket12,,09_TC_POCKET2_COUNTERDOCKING/04_DOCKING/FDA_ALL_TcPocket2_11_vs_Human/fda_1028__Human_pocket12_log.txt
fda_1028,Human_pocket5,,09_TC_POCKET2_COUNTERDOCKING/04_DOCKING/FDA_ALL_TcPocket2_11_vs_Human/fda_1028__Human_pocket5_log.txt
fda_1028,Human_pocket9,,09_TC_POCKET2_COUNTERDOCKING/04_DOCKING/FDA_ALL_TcPocket2_11_vs_Human/fda_1028__Human_pocket9_log.txt
fda_1028,TcS6_pocket11,,09_TC_POCKET2_COUNTERDOCKING/04_DOCKING/FDA_ALL_TcPocket2_11_vs_Human/fda_1028__TcS6_pocket11_log.txt
fda_1028,TcS6_pocket2,,09_TC_POCKET2_COUNTERDOCKING/04_DOCKING/FDA_ALL_TcPocket2_11_vs_Human/fda_1028__TcS6_pocket2_log.txt
fda_1029,Human_pocket12,-4.631,09_TC_POCKET2_COUNTERDOCKING/04_DOCKING/FDA_ALL_TcPocket2_11_vs_Human/fda_1029__Human_pocket12_log.txt
fda_1029,Human_pocket5,-5.291,09_TC_POCKET2_COUNTERDOCKING/04_DOCKING/FDA_ALL_TcPocket2_11_vs_Human/fda_1029__Human_pocket5_log.txt
fda_1029,Human_pocket9,-4.956,09_TC_POCKET2_COUNTERDOCKING/04_DOCKING/FDA_ALL_TcPocket2_11_vs_Human/fda_1029__Human_pocket9_log.txt
fda_1029,TcS6_pocket11,-4.983,09_TC_POCKET2_COUNTERDOCKING/04_DOCKING/FDA_ALL_TcPocket2_11_vs_Human/fda_1029__TcS6_pocket11_log.txt
fda_1029,TcS6_pocket2,-4.787,09_TC_POCKET2_COUNTERDOCKING/04_DOCKING/FDA_ALL_TcPocket2_11_vs_Human/fda_1029__TcS6_pocket2_log.txt
fda_102,Human_pocket12,-2.933,09_TC_POCKET2_COUNTERDOCKING/04_DOCKING/FDA_ALL_TcPocket2_11_vs_Human/fda_102__Human_pocket12_log.txt
fda_102,Human_pocket5,-3.777,09_TC_POCKET2_COUNTERDOCKING/04_DOCKING/FDA_ALL_TcPocket2_11_vs_Human/fda_102__Human_pocket5_log.txt
fda_102,Human_pocket9,-2.918,09_TC_POCKET2_COUNTERDOCKING/04_DOCKING/FDA_ALL_TcPocket2_11_vs_Human/fda_102__Human_pocket9_log.txt
fda_102,TcS6_pocket11,-2.845,09_TC_POCKET2_COUNTERDOCKING/04_DOCKING/FDA_ALL_TcPocket2_11_vs_Human/fda_102__TcS6_pocket11_log.txt
fda_102,TcS6_pocket2,-2.873,09_TC_POCKET2_COUNTERDOCKING/04_DOCKING/FDA_ALL_TcPocket2_11_vs_Human/fda_102__TcS6_pocket2_log.txt
fda_1030,Human_pocket12,,09_TC_POCKET2_COUNTERDOCKING/04_DOCKING/FDA_ALL_TcPocket2_11_vs_Human/fda_1030__Human_pocket12_log.txt
fda_1030,Human_pocket5,,09_TC_POCKET2_COUNTERDOCKING/04_DOCKING/FDA_ALL_TcPocket2_11_vs_Human/fda_1030__Human_pocket5_log.txt
fda_1030,Human_pocket9,,09_TC_POCKET2_COUNTERDOCKING/04_DOCKING/FDA_ALL_TcPocket2_11_vs_Human/fda_1030__Human_pocket9_log.txt
fda_1030,TcS6_pocket11,,09_TC_POCKET2_COUNTERDOCKING/04_DOCKING/FDA_ALL_TcPocket2_11_vs_Human/fda_1030__TcS6_pocket11_log.txt
fda_1030,TcS6_pocket2,,09_TC_POCKET2_COUNTERDOCKING/04_DOCKING/FDA_ALL_TcPocket2_11_vs_Human/fda_1030__TcS6_pocket2_log.txt
fda_1031,Human_pocket12,,09_TC_POCKET2_COUNTERDOCKING/04_DOCKING/FDA_ALL_TcPocket2_11_vs_Human/fda_1031__Human_pocket12_log.txt
fda_1031,Human_pocket5,,09_TC_POCKET2_COUNTERDOCKING/04_DOCKING/FDA_ALL_TcPocket2_11_vs_Human/fda_1031__Human_pocket5_log.txt
fda_1031,Human_pocket9,,09_TC_POCKET2_COUNTERDOCKING/04_DOCKING/FDA_ALL_TcPocket2_11_vs_Human/fda_1031__Human_pocket9_log.txt
fda_1031,TcS6_pocket11,,09_TC_POCKET2_COUNTERDOCKING/04_DOCKING/FDA_ALL_TcPocket2_11_vs_Human/fda_1031__TcS6_pocket11_log.txt
fda_1031,TcS6_pocket2,,09_TC_POCKET2_COUNTERDOCKING/04_DOCKING/FDA_ALL_TcPocket2_11_vs_Human/fda_1031__TcS6_pocket2_log.txt
fda_1032,Human_pocket12,,09_TC_POCKET2_COUNTERDOCKING/04_DOCKING/FDA_ALL_TcPocket2_11_vs_Human/fda_1032__Human_pocket12_log.txt
fda_1032,Human_pocket5,,09_TC_POCKET2_COUNTERDOCKING/04_DOCKING/FDA_ALL_TcPocket2_11_vs_Human/fda_1032__Human_pocket5_log.txt
fda_1032,Human_pocket9,,09_TC_POCKET2_COUNTERDOCKING/04_DOCKING/FDA_ALL_TcPocket2_11_vs_Human/fda_1032__Human_pocket9_log.txt
fda_1032,TcS6_pocket11,,09_TC_POCKET2_COUNTERDOCKING/04_DOCKING/FDA_ALL_TcPocket2_11_vs_Human/fda_1032__TcS6_pocket11_log.txt
fda_1032,TcS6_pocket2,,09_TC_POCKET2_COUNTERDOCKING/04_DOCKING/FDA_ALL_TcPocket2_11_vs_Human/fda_1032__TcS6_pocket2_log.txt
fda_1033,Human_pocket12,-3.12,09_TC_POCKET2_COUNTERDOCKING/04_DOCKING/FDA_ALL_TcPocket2_11_vs_Human/fda_1033__Human_pocket12_log.txt
fda_1033,Human_pocket5,-4.199,09_TC_POCKET2_COUNTERDOCKING/04_DOCKING/FDA_ALL_TcPocket2_11_vs_Human/fda_1033__Human_pocket5_log.txt
fda_1033,Human_pocket9,-3.436,09_TC_POCKET2_COUNTERDOCKING/04_DOCKING/FDA_ALL_TcPocket2_11_vs_Human/fda_1033__Human_pocket9_log.txt
fda_1033,TcS6_pocket11,-3.352,09_TC_POCKET2_COUNTERDOCKING/04_DOCKING/FDA_ALL_TcPocket2_11_vs_Human/fda_1033__TcS6_pocket11_log.txt
fda_1033,TcS6_pocket2,-3.333,09_TC_POCKET2_COUNTERDOCKING/04_DOCKING/FDA_ALL_TcPocket2_11_vs_Human/fda_1033__TcS6_pocket2_log.txt
fda_1035,Human_pocket12,,09_TC_POCKET2_COUNTERDOCKING/04_DOCKING/FDA_ALL_TcPocket2_11_vs_Human/fda_1035__Human_pocket12_log.txt
fda_1035,Human_pocket5,,09_TC_POCKET2_COUNTERDOCKING/04_DOCKING/FDA_ALL_TcPocket2_11_vs_Human/fda_1035__Human_pocket5_log.txt
fda_1035,Human_pocket9,,09_TC_POCKET2_COUNTERDOCKING/04_DOCKING/FDA_ALL_TcPocket2_11_vs_Human/fda_1035__Human_pocket9_log.txt
fda_1035,TcS6_pocket11,,09_TC_POCKET2_COUNTERDOCKING/04_DOCKING/FDA_ALL_TcPocket2_11_vs_Human/fda_1035__TcS6_pocket11_log.txt
fda_1035,TcS6_pocket2,,09_TC_POCKET2_COUNTERDOCKING/04_DOCKING/FDA_ALL_TcPocket2_11_vs_Human/fda_1035__TcS6_pocket2_log.txt
fda_1036,Human_pocket12,-4.119,09_TC_POCKET2_COUNTERDOCKING/04_DOCKING/FDA_ALL_TcPocket2_11_vs_Human/fda_1036__Human_pocket12_log.txt
fda_1036,Human_pocket5,-4.983,09_TC_POCKET2_COUNTERDOCKING/04_DOCKING/FDA_ALL_TcPocket2_11_vs_Human/fda_1036__Human_pocket5_log.txt
fda_1036,Human_pocket9,-4.162,09_TC_POCKET2_COUNTERDOCKING/04_DOCKING/FDA_ALL_TcPocket2_11_vs_Human/fda_1036__Human_pocket9_log.txt
fda_1036,TcS6_pocket11,-4.482,09_TC_POCKET2_COUNTERDOCKING/04_DOCKING/FDA_ALL_TcPocket2_11_vs_Human/fda_1036__TcS6_pocket11_log.txt
fda_1036,TcS6_pocket2,-4.54,09_TC_POCKET2_COUNTERDOCKING/04_DOCKING/FDA_ALL_TcPocket2_11_vs_Human/fda_1036__TcS6_pocket2_log.txt
fda_1037,Human_pocket12,,09_TC_POCKET2_COUNTERDOCKING/04_DOCKING/FDA_ALL_TcPocket2_11_vs_Human/fda_1037__Human_pocket12_log.txt
fda_1037,Human_pocket5,,09_TC_POCKET2_COUNTERDOCKING/04_DOCKING/FDA_ALL_TcPocket2_11_vs_Human/fda_1037__Human_pocket5_log.txt
fda_1037,Human_pocket9,,09_TC_POCKET2_COUNTERDOCKING/04_DOCKING/FDA_ALL_TcPocket2_11_vs_Human/fda_1037__Human_pocket9_log.txt
fda_1037,TcS6_pocket11,,09_TC_POCKET2_COUNTERDOCKING/04_DOCKING/FDA_ALL_TcPocket2_11_vs_Human/fda_1037__TcS6_pocket11_log.txt
fda_1037,TcS6_pocket2,,09_TC_POCKET2_COUNTERDOCKING/04_DOCKING/FDA_ALL_TcPocket2_11_vs_Human/fda_1037__TcS6_pocket2_log.txt
fda_1038,Human_pocket12,,09_TC_POCKET2_COUNTERDOCKING/04_DOCKING/FDA_ALL_TcPocket2_11_vs_Human/fda_1038__Human_pocket12_log.txt
fda_1038,Human_pocket5,,09_TC_POCKET2_COUNTERDOCKING/04_DOCKING/FDA_ALL_TcPocket2_11_vs_Human/fda_1038__Human_pocket5_log.txt
fda_1038,Human_pocket9,,09_TC_POCKET2_COUNTERDOCKING/04_DOCKING/FDA_ALL_TcPocket2_11_vs_Human/fda_1038__Human_pocket9_log.txt
fda_1038,TcS6_pocket11,,09_TC_POCKET2_COUNTERDOCKING/04_DOCKING/FDA_ALL_TcPocket2_11_vs_Human/fda_1038__TcS6_pocket11_log.txt
fda_1038,TcS6_pocket2,,09_TC_POCKET2_COUNTERDOCKING/04_DOCKING/FDA_ALL_TcPocket2_11_vs_Human/fda_1038__TcS6_pocket2_log.txt
fda_1039,Human_pocket12,,09_TC_POCKET2_COUNTERDOCKING/04_DOCKING/FDA_ALL_TcPocket2_11_vs_Human/fda_1039__Human_pocket12_log.txt
fda_1039,Human_pocket5,,09_TC_POCKET2_COUNTERDOCKING/04_DOCKING/FDA_ALL_TcPocket2_11_vs_Human/fda_1039__Human_pocket5_log.txt
fda_1039,Human_pocket9,,09_TC_POCKET2_COUNTERDOCKING/04_DOCKING/FDA_ALL_TcPocket2_11_vs_Human/fda_1039__Human_pocket9_log.txt
fda_1039,TcS6_pocket11,,09_TC_POCKET2_COUNTERDOCKING/04_DOCKING/FDA_ALL_TcPocket2_11_vs_Human/fda_1039__TcS6_pocket11_log.txt
fda_1039,TcS6_pocket2,,09_TC_POCKET2_COUNTERDOCKING/04_DOCKING/FDA_ALL_TcPocket2_11_vs_Human/fda_1039__TcS6_pocket2_log.txt
fda_103,Human_pocket12,-4.098,09_TC_POCKET2_COUNTERDOCKING/04_DOCKING/FDA_ALL_TcPocket2_11_vs_Human/fda_103__Human_pocket12_log.txt
fda_103,Human_pocket5,-5.845,09_TC_POCKET2_COUNTERDOCKING/04_DOCKING/FDA_ALL_TcPocket2_11_vs_Human/fda_103__Human_pocket5_log.txt
fda_103,Human_pocket9,-4.874,09_TC_POCKET2_COUNTERDOCKING/04_DOCKING/FDA_ALL_TcPocket2_11_vs_Human/fda_103__Human_pocket9_log.txt
fda_103,TcS6_pocket11,-4.39,09_TC_POCKET2_COUNTERDOCKING/04_DOCKING/FDA_ALL_TcPocket2_11_vs_Human/fda_103__TcS6_pocket11_log.txt
fda_103,TcS6_pocket2,-4.277,09_TC_POCKET2_COUNTERDOCKING/04_DOCKING/FDA_ALL_TcPocket2_11_vs_Human/fda_103__TcS6_pocket2_log.txt
fda_1040,Human_pocket12,,09_TC_POCKET2_COUNTERDOCKING/04_DOCKING/FDA_ALL_TcPocket2_11_vs_Human/fda_1040__Human_pocket12_log.txt
fda_1040,Human_pocket5,,09_TC_POCKET2_COUNTERDOCKING/04_DOCKING/FDA_ALL_TcPocket2_11_vs_Human/fda_1040__Human_pocket5_log.txt
fda_1040,Human_pocket9,,09_TC_POCKET2_COUNTERDOCKING/04_DOCKING/FDA_ALL_TcPocket2_11_vs_Human/fda_1040__Human_pocket9_log.txt
fda_1040,TcS6_pocket11,,09_TC_POCKET2_COUNTERDOCKING/04_DOCKING/FDA_ALL_TcPocket2_11_vs_Human/fda_1040__TcS6_pocket11_log.txt
fda_1040,TcS6_pocket2,,09_TC_POCKET2_COUNTERDOCKING/04_DOCKING/FDA_ALL_TcPocket2_11_vs_Human/fda_1040__TcS6_pocket2_log.txt
fda_1041,Human_pocket12,,09_TC_POCKET2_COUNTERDOCKING/04_DOCKING/FDA_ALL_TcPocket2_11_vs_Human/fda_1041__Human_pocket12_log.txt
fda_1041,Human_pocket5,,09_TC_POCKET2_COUNTERDOCKING/04_DOCKING/FDA_ALL_TcPocket2_11_vs_Human/fda_1041__Human_pocket5_log.txt
fda_1041,Human_pocket9,,09_TC_POCKET2_COUNTERDOCKING/04_DOCKING/FDA_ALL_TcPocket2_11_vs_Human/fda_1041__Human_pocket9_log.txt
fda_1041,TcS6_pocket11,,09_TC_POCKET2_COUNTERDOCKING/04_DOCKING/FDA_ALL_TcPocket2_11_vs_Human/fda_1041__TcS6_pocket11_log.txt
fda_1041,TcS6_pocket2,,09_TC_POCKET2_COUNTERDOCKING/04_DOCKING/FDA_ALL_TcPocket2_11_vs_Human/fda_1041__TcS6_pocket2_log.txt
fda_1042,Human_pocket12,2162000.0,09_TC_POCKET2_COUNTERDOCKING/04_DOCKING/FDA_ALL_TcPocket2_11_vs_Human/fda_1042__Human_pocket12_log.txt
fda_1042,Human_pocket9,1.426,09_TC_POCKET2_COUNTERDOCKING/04_DOCKING/FDA_ALL_TcPocket2_11_vs_Human/fda_1042__Human_pocket9_log.txt
fda_1042,TcS6_pocket11,-2.356,09_TC_POCKET2_COUNTERDOCKING/04_DOCKING/FDA_ALL_TcPocket2_11_vs_Human/fda_1042__TcS6_pocket11_log.txt
fda_1042,TcS6_pocket2,2.053,09_TC_POCKET2_COUNTERDOCKING/04_DOCKING/FDA_ALL_TcPocket2_11_vs_Human/fda_1042__TcS6_pocket2_log.txt
fda_104,Human_pocket12,,09_TC_POCKET2_COUNTERDOCKING/04_DOCKING/FDA_ALL_TcPocket2_11_vs_Human/fda_104__Human_pocket12_log.txt
fda_104,Human_pocket5,,09_TC_POCKET2_COUNTERDOCKING/04_DOCKING/FDA_ALL_TcPocket2_11_vs_Human/fda_104__Human_pocket5_log.txt
fda_104,Human_pocket9,,09_TC_POCKET2_COUNTERDOCKING/04_DOCKING/FDA_ALL_TcPocket2_11_vs_Human/fda_104__Human_pocket9_log.txt
fda_104,TcS6_pocket11,,09_TC_POCKET2_COUNTERDOCKING/04_DOCKING/FDA_ALL_TcPocket2_11_vs_Human/fda_104__TcS6_pocket11_log.txt
fda_104,TcS6_pocket2,,09_TC_POCKET2_COUNTERDOCKING/04_DOCKING/FDA_ALL_TcPocket2_11_vs_Human/fda_104__TcS6_pocket2_log.txt
fda_10,Human_pocket12,,09_TC_POCKET2_COUNTERDOCKING/04_DOCKING/FDA_ALL_TcPocket2_11_vs_Human/fda_10__Human_pocket12_log.txt
fda_10,Human_pocket5,,09_TC_POCKET2_COUNTERDOCKING/04_DOCKING/FDA_ALL_TcPocket2_11_vs_Human/fda_10__Human_pocket5_log.txt
fda_10,Human_pocket9,,09_TC_POCKET2_COUNTERDOCKING/04_DOCKING/FDA_ALL_TcPocket2_11_vs_Human/fda_10__Human_pocket9_log.txt
fda_10,TcS6_pocket11,,09_TC_POCKET2_COUNTERDOCKING/04_DOCKING/FDA_ALL_TcPocket2_11_vs_Human/fda_10__TcS6_pocket11_log.txt
fda_10,TcS6_pocket2,,09_TC_POCKET2_COUNTERDOCKING/04_DOCKING/FDA_ALL_TcPocket2_11_vs_Human/fda_10__TcS6_pocket2_log.txt
fda_1,Human_pocket12,-5.162,09_TC_POCKET2_COUNTERDOCKING/04_DOCKING/FDA_ALL_TcPocket2_11_vs_Human/fda_1__Human_pocket12_log.txt
fda_1,Human_pocket5,-6.379,09_TC_POCKET2_COUNTERDOCKING/04_DOCKING/FDA_ALL_TcPocket2_11_vs_Human/fda_1__Human_pocket5_log.txt
fda_1,Human_pocket9,-6.152,09_TC_POCKET2_COUNTERDOCKING/04_DOCKING/FDA_ALL_TcPocket2_11_vs_Human/fda_1__Human_pocket9_log.txt
fda_1,TcS6_pocket11,-5.914,09_TC_POCKET2_COUNTERDOCKING/04_DOCKING/FDA_ALL_TcPocket2_11_vs_Human/fda_1__TcS6_pocket11_log.txt
fda_1,TcS6_pocket2,-5.622,09_TC_POCKET2_COUNTERDOCKING/04_DOCKING/FDA_ALL_TcPocket2_11_vs_Human/fda_1__TcS6_pocket2_log.txt
